X,Y,OBJECTID,COD_SIG,IDTIPO,INF_NOME,INF_MORADA,INF_TELEFONE,INF_FAX,INF_EMAIL,INF_SITE,INF_DESCRICAO,INF_FONTE,INF_MUNICIPAL,GlobalID
-9.20592914769173,38.6995406948665,1,3200614103001002,999,Museu do Centro Cultural Casapiano,Rua dos Jerónimos 5 R/C,21 361 08 30 ,,centro.cultural@casapia.pt,http://www.casapia.pt,"O Museu do Centro Cultural Casapiano foi criado em 2000 e pretende dar a conhecer a história da instituição, desde os seus primórdios (quando ainda estava sediada no Castelo de São Jorge), passando pelo Convento do Desterro e pela sua actual localização, o Mosteiro dos Jerónimos.
",http://www.casapia.pt,0,6c90e990-bd50-488f-85ff-baf6c0e55988
-9.11370109645975,38.7247334037702,2,4103302007001003,999,Museu Nacional do Azulejo,"Rua da Madre de Deus, 4
",+ 351 218 100 340,,geral@mnazulejo.dgpc.pt,www.museudoazulejo.pt,"Este Museu apresenta um espólio de Azulejaria principalmente portuguesa, com um núcleo de produção estrangeira. A exposição permanente permite conhecer a evolução do azulejo em Portugal do séc. XV ao séc. XX, destacando-se neste conjunto o Retábulo de Nossa Senhora da Vida, c.1580, os frontais de altar de influência oriental e a sala da caça do séc. XVII, as vitórias de Alexandre, 1ª metade do séc. XVIII, a História do Chapeleiro de finais do séc. XVIII, o revestimento da Padaria Independente do início do séc. XX e múltiplas peças de autor desde a Arte Nova até à atualidade.
O Museu dispõe de Biblioteca especializada em Cerâmica e Azulejo.
",-,0,13921561-a84a-486b-97e4-51a88172b161
-9.14874263924984,38.7208591887865,3,1401009042001004,999,Cinemateca Portuguesa - Museu do Cinema,"Rua Barata Salgueiro, 39",+ 351 213 596 200,,cinemateca@cinemateca.pt,www.cinemateca.pt/,"O Museu, espaço dedicado à exposição da vasta e rica coleção relacionada com a temática do cinema, distribui-se por duas salas:
- A Sala dos Cupidos alberga algumas relíquias que contam a história das origens do cinema, onde se incluem diversos modelos de lanternas mágicas (utilizadas, ocasionalmente, em espetáculos da especialidade);
- Na Sala dos Carvalhos estão expostos aparelhos cinematográficos, fotografias e livros e o primeiro projetor Lumiére usado em Portugal.",www.cinemateca.pt/,0,b8d27639-d361-4a45-8849-f88d3ff337a4
-9.14348239150859,38.7136140944626,4,1500801016001002,999,Museu de São Roque,"Largo Trindade Coelho
",+351 213 235 065,,info@museu-saoroque.com,www.museu-saoroque.com,"O Museu de São Roque, um dos mais ricos e antigos Museus da cidade, está instalado no espaço da antiga Casa Professa da Companhia de Jesus, contíguo à Igreja de São Roque. Aberto ao público em 1905, recebeu importantes obras de restauro e melhoramentos ao longo dos anos, reabrindo novamente em dezembro de 2008.
Dedicado maioritariamente à riquíssima Arte Sacra, alberga peças executadas entre o século XVI e o século XX. A exposição permanente é constituída por uma coleção de mais de 300 peças composta essencialmente por obras de ourivesaria, escultura, pintura e relicários, a que se associam 140 peças do acervo textil a apresentar, em regime de rotatividade, por razões de conservação e devido à sua significativa extensão. O espaço da exposição permanente está organizado em cinco núcleos:
Núcleo da Ermida de São Roque evoca a memória da primitiva Ermida de São Roque, erguida em 1506, mais tarde demolida para dar lugar à casa-mãe da Companhia de Jesus em Portugal. Em exposição encontram-se: o conjunto de quatro tábuas pintadas alusivas à vida e à lenda de São Roque, duas lápides, alguns vestígios de azulejos, e ainda a relíquia original de São Roque, solicitada à República de Veneza;

Núcleo da Companhia de Jesus, dedicado a um conjunto de obras provenientes da Igreja e da antiga Casa Professa de São Roque que testemunham a iconografia da Ordem, entre elas a notável coleção de relicários;

Núcleo de Arte Oriental, alusivo à missionação da Companhia no Oriente, acolhe peças que são exemplo da renovação da arte cristã, manifestada na integração de modelos decorativos, técnicas e materiais orientais nas formas ocidentais;

Núcleo da Capela de São João Batista, encomendada por D. João V a Roma, esta capela é um relevante testemunho de arte italiana do século XVIII;

Núcleo da Santa Casa da Misericórdia de Lisboa, dedicado à SCML inclui doações, legados e aquisições que, ao longo do tempo, enriqueceram o espólio do museu.

Dispõe de loja com merchandise inspirado nas coleções do museu, cafetaria e esplanada.
",-,0,37c8123c-bf60-4e5f-a1e7-40db3706c2ec
-9.11801570297276,38.7588523325224,5,2105106021001001,999,Coleção Museológica de Rádio e de Televisão,"Rua Conselheiro Emídio Navarro, Edifício RTP

",+351 217 947 923,,museu.virtual@rtp.pt,ww1.rtp.pt/icmblogs/rtp/novidades/?k=RTP-%96-Coleccao-Visitavel-Museologica-de-Radio-e-de-Televisao.rtp&post=15693,"A Coleção Museológica de Rádio e de Televisão pretende partilhar com os visitantes algumas das emblemáticas peças do seu valioso espólio (cerca de 2.500 peças), registo da história e da atividade radiofónica e televisiva em Portugal.
A evolução tecnológica destes meios de comunicação é mostrada, cronologicamente, através de equipamentos de gravação/ reprodução, receção e transmissão profissionais e domésticos.
Foi recriado um estúdio de rádio dos anos 50 e há um moderno estúdio de televisão onde o visitante pode gravar a sua própria emissão.
O espaço disponibiliza ainda uma zona interativa onde é possível recordar alguns conteúdos radiofónicos e televisivos, organizados por décadas.
Como recurso pedagógico, a Coleção Museológica dispõe de uma zona multimédia onde o visitante pode visionar programas que retratam a história da rádio e da televisão, assim como conteúdos em alta definição, que assinalam uma nova fase na tecnologia televisiva.
",-,0,b589812d-0f81-4af3-a496-7e017686b90b
-9.14023416788286,38.7121510289631,6,2700301048001001,999,Museu Arqueológico do Carmo,"Largo do Carmo 
",+351 213 478 629,,secretaria@arqueologos.pt,www.museuarqueologicodocarmo.pt/p_museu.html,"O museu encontra-se instalado nas denominadas Ruínas do Carmo, correspondendo à antiga Igreja do Convento de Nossa Senhora do Vencimento do Monte do Carmo, fundado por D. Nuno Álvares Pereira em 1389. O antigo templo gótico ficou bastante danificado com o terramoto de 1755 mas conserva ainda estruturas e elementos primitivos (séc. XIV-XV), onde se destacam os portais virados a Ocidente e Sul, ornados com belos capitéis vegetalistas e antropomórficos.
O acervo deste museu integra peças de valor histórico, arqueológico e artístico, contemplando artefactos e obras desde a Pré-História à contemporaneidade.
As civilizações Pré e Proto-Históricas estão representadas por uma coleção de artefactos arqueológicos do Paleolítico, Neolítico, Calcolítico, Bronze Antigo e Idade do Ferro.
As civilizações Egípcia e Pré-Colombiana estão presentes através de uma coleção de cerâmicas e peças metálicas, múmias peruanas e uma múmia egípcia.
A Antiguidade Clássica faz-se representar através de obras e fragmentos do período romano com especial destaque para uma arca tumular decorada com elegantes relevos.
Da Alta Idade Média destaque para o período de domínio islâmico peninsular.
Dos séculos do Gótico têm especial relevo os exemplares de tumulária dos séculos XIV e XV onde foram sepultados membros da Casa Real.
O museu possui ainda uma excelente coleção de Pedras de Armas de grande interesse heráldico.

",-,0,cd6bd61b-f6c6-4d1f-8848-32f35d4aac44
-9.17072639324081,38.7028810086041,7,2602406001002001,999,Museu do Oriente,"Avenida Brasília
",+351 213 585 200,,info@foriente.pt,www.museudooriente.pt,"O Museu do Oriente, inaugurado a 8 de maio de 2008, está instalado no antigo Edifício Pedro Álvares Cabral, projeto inicial do arquiteto modernista João Simões, em 1939/40 e agora readaptado pelos arquitetos Carrilho da Graça e Rui Francisco.
O acervo do Museu, ilustrativo das relações que Portugal estabeleceu com a Ásia, integra, entre outros, núcleos de arte chinesa, indo-portuguesa, japonesa e timorense. Núcleos traduzidos por objetos votivos e de ritual, cerâmicas e terracotas, têxteis, mobiliário, pintura e máscaras, aos quais se juntou, em 1999, por doação do sinólogo francês Jacques Pimpaneau, a Coleção Kwok On de arte popular asiática: 13 mil peças, muitas delas raras e de grande escala.

O Museu do Oriente está organizado em torno de duas grandes exposições permanentes: 
Presença Portuguesa na Ásia
Exposição constituída por objetos artísticos e documentais, integra várias peças de excecional valor, com destaque para os biombos chineses e japoneses dos séculos XVII e XVIII, para os vários objetos de arte namban, para uma coleção de peças de porcelana brasonada da Companhia das Índias e para um significativo acervo relacionado com as culturas dos Povos de Timor.
Deuses da Ásia
Exposição organizada a partir do extenso acervo da Coleção Kwok On, testemunhos das artes performativas e das grandes mitologias e religiões populares de toda a Ásia. Esta coleção é considerada uma das mais importantes no género, à escala europeia, possuindo exemplares de notável qualidade e de grande espetacularidade.

O programa de exposições temporárias está vocacionado para a divulgação das artes da Ásia, dando a conhecer os seus mais variados aspetos.

O museu integra um auditório , um centro de documentação, um centro de reuniões, uma loja/livraria, uma cafetaria e um restaurante
",-,0,ad636bbe-8b71-46e2-b1b5-b9fae1499715
-9.16714912481133,38.7746840310276,8,1804410001001004,999,Museu Nacional do Teatro e da Dança,"Estrada do Lumiar, 10 
",+351 217 567 410 /19,,geral@mnteatroedanca.dgpc.pt,http://www.museudoteatroedanca.gov.pt,"Instalado numa antiga casa de veraneio do séc. XVIII, Palácio do Monteiro-Mor, o seu espólio documenta a evolução do Teatro em Portugal, nos sécs. XIX e XX, com destaque para maquetas de cenários, trajes e adereços de cena, figurinos, desenhos, pinturas, esculturas, caricaturas, fotografias, programas, postais, folhas de música, além de todo o tipo de objetos que tenham pertencido ou tenham a ver com gente do palco.
O Museu dispõe de Biblioteca especializada em Artes do Espetáculo, com mais de 40.000 volumes, aberta ao público em geral.

Há um Bilhete Museu Nacional do Traje + Museu Nacional do Teatro e Dança+ Parque do Monteiro-Mor
",-,0,3e0c9faf-1a38-48d2-9a8b-9953b079a384
-9.12785732362869,38.7148119816125,9,5101101001001001,999,Museu de São Vicente de Fora,"Largo de São Vicente 
Mosteiro de São Vicente de Fora
",+351 218 810 500,,ccultural@patriarcado-lisboa.pt,,"Museu tutelado pelo Patriarcado de Lisboa, abriu ao público nos anos 90 do século XX.
O espaço museológico encontra-se organizado em quatro temas: 
A Igreja Lisbonense e dos Patriarcas, exposição permanente que inclui peças de pintura, escultura, ourivesaria e paramentaria; 

Arte e Arquitetura, um percurso á volta da evolução artista do mosteiro. O Mosteiro Medieval: Cisterna, O Mosteiro Maneirista: Claustros, O Mosteiro Barroco: Portaria, Sacristia e Capela do Cardeal; Sepultamentos e Memória, conjunto de lápides e imponentes monumentos fúnebres de clérigos, cruzados e monarcas, desde a Conquista de Lisboa ao Estado Novo. 

Cónegos e Cruzados: Claustros; 

Poder e Memória: A Capela do Cardeal e dos Meninos de Palhavã, o Panteão dos Bragança e dos Patriarcas;
Azulejaria Barroca, a maior coleção de azulejaria barroca num mesmo edifício. Do Barroco Inicial ao Ciclo dos Mestres: Escadaria do Cardeal, Portaria; A Grande Produção Joanina: Claustros, Escadaria dos Sinos; Do Rococó às Últimas Manifestações: Sala do Concelho, Galeria das Fábulas (de La Fontaine)",-,0,c5fcadb6-f8bf-4166-a714-889ee7cede28
-9.15569030577693,38.7080001257922,10,3701302003001002,999,Museu da Marioneta,"Rua da Esperança, 146
",+351 213 942 810,,museu@museudamarioneta.pt,www.museudamarioneta.pt,"O Museu foi criado em 1987  pela Companhia de Marionetas de S. Lourenço que, através da sua atividade, deu continuidade a uma tradição portuguesa de teatro e ópera para marionetas.
O novo Museu, constituído pelo espólio do antigo museu e outras coleções, tem mais de mil peças, onde se incluem marionetas de todos os tipos de técnica de manipulação e máscaras provenientes das mais diversas partes do mundo e culturas. O objetivo do museu é recolher, manter, conservar, investigar exibir e divulgar o teatro de marionetas, fomentando a aprendizagem o conhecimento e interesse pelo universo da Marioneta.

Dispõe de uma sala de espetáculos, espaços de exposições temporárias e Espaço Criança - local de aprendizagem e criação.

O serviço educativo promove visitas organizadas, onde serão abordadas as diferentes formas e tipos de marionetas, a sua manipulação, história e construção.
",-,0,e54657e9-2cf1-41be-8c5a-4b8a5018a3ea
-9.14075326925126,38.7122044177622,11,2700301017001001,999,Museu da Guarda Nacional Republicana ,"Largo do Carmo, 28",+351 213 217 222,,museu@gnr.pt,http://www.arquivomuseugnr.pt/,"Inaugurado em 2014 e situado no Quartel do Carmo, este museu evoca mais de 600 anos de história, desde finais do século XIV, com a fundação do Convento da Ordem do Carmo, pelo Condestável D. Nuno Álvares Pereira, que em 1755 ficou destruído pelo terramoto de Lisboa. A partir de 1801, este edifício passou a funcionar como Comando-Geral das Guardas militares de polícia até à atual Guarda Nacional Republicana. Aqui ocorreu o fim da ditadura em Portugal, com a Revolução dos Cravos, de 25 de abril de 1974. É um museu de orientação histórica, policial e militar, expondo espólio desde a Idade Média até à contemporaneidade. 
Visitas guiadas para grupos com marcação prévia. ",-,0,fe6fe05c-3a93-4640-8eb2-7606503f2f18
-9.13978944252842,38.7162351036796,12,2400601065001001,999,Museu da Sociedade de Geografia de Lisboa,"Rua das Portas de Santo Antão, 100 
",+351 213 425 401,,geral@socgeografialisboa.pt,www.socgeografialisboa.pt/,"Fundada por iniciativa de Luciano Cordeiro em 1875, a Sociedade de Geografia de Lisboa ocupa, desde 8 de julho de 1897, instalações de rara beleza arquitetónica e decorativa na Baixa da cidade.
O Museu Etnográfico possui um notável acervo nas áreas da Etnologia e História, em especial espécies relativas às antigas possessões portuguesas em África e Ásia.
O Museu é composto por várias salas:
A ""Sala Portugal"" com os seus 50m de comprimento, rodeada por duas ordens de galerias é onde se encontra grande parte do espólio museológico.
Na ""Sala Algarve"" destaca-se o grande planisfério luminoso com as rotas dos Descobrimentos seguidas pelos navegadores portugueses entre 1482 e 1660, e que foi feito para figurar na Exposição Internacional de Paris de 1931.
Na ""Sala da Índia"" podem ser vistas bandeiras de algumas expedições a África, dois enormes Globos de Coronelli e ainda portulanos, manuscritos e gravuras.
O acervo da ""Sala dos Padrões"" é constituído por peças ligadas aos Descobrimentos Portugueses, com relevo para os padrões de Pedra colocados pelos portugueses na costa africana.
A Bilblioteca da SGL é reconhecida nacional e internacionalmente como imprescindível no estudo da História dos Descobrimentos e Expansão Portuguesa, o seu espólio bibliográfico é constituído por 62.000 obras, inúmeras revistas e cerca de 6.000 documentos manuscritos, num total de 230.000 títulos.
A título de exemplo mencionam-se os diários de viagem de Hermenegildo Capelo, Roberto Ivens, Silva Porto e Gago Coutinho assim como a coleção de desenhos de George Chinnery.
Na Mapoteca encontra-se o espólio cartográfico da SGL onde se encontram riquíssimos exemplares de atlas, mapas e plantas portugueses e estrangeiros de todos os períodos.

",-,0,55370f38-56b4-45c6-b973-ebecf7f20de1
-9.1823923287454,38.7008257463652,13,0202502041001001,999,Museu do Centro Cientifico e Cultural de Macau,"Rua da Junqueira, 30 

",+351 213 617 570,,museu@cccm.pt,www.cccm.pt/,"Este museu apresenta de forma didática imagens, objetos, modelos, novas tecnologias e textos de apoio conduzindo o visitante a uma viagem no tempo e no espaço aos Mares da China.
O Museu apresenta ""A Condição Histórico-Cultural de Macau nos séculos XVI e XVII"", onde através de objetos e espetáculos multimédia se penetra em Macau e se compreendem as relações luso-chinesas estabelecidas.
""A Coleção de Arte Chinesa"" reúne exemplares de terracota, grés, bronze, porcelana, numismática, pintura, pratas e têxteis agrupados do Neolítico à atualidade.
Tem esplanada.

",-,0,20e360ef-d2a1-4a9a-bdca-9e061fab490e
-9.12505909397655,38.7129124159471,14,3600903001001002,999,Museu Militar de Lisboa,"Largo do Museu de Artilharia
",+351 218 842 300,,museumilitar@portugalmail.pt,www.exercito.pt/sites/MusMilLisboa/Historial/Paginas/default.aspx,"É o Museu mais antigo da cidade de Lisboa. Nas suas salas de grande beleza ornamental em talha, azulejaria e pintura, estão expostas valiosas coleções, com destaque para a de artilharia, considerada a mais completa do mundo.
As suas coleções, de caráter militar, são constituídas por peças raras, sendo algumas de grande valor artístico. Armamento ligeiro e sua evolução, salas subordinadas a determinados períodos da História de Portugal, focando especialmente as armas correspondentes. Miniaturas, esculturas, arqueologia e documentos fotográficos.
Este Museu está instalado em edifício com valor histórico: Arsenal Real do Exército, desde 1764, passando a Museu de Artilharia em 1851, designação que conservou até 1926, data em que passou a chamar-se Museu Militar.

",-,0,b171d02f-1de0-40d6-a7b5-41088629bd79
-9.1491296792883,38.7217456544968,15,1401007019001001,999,Casa-Museu Medeiros e Almeida,"Rua Rosa Araújo, 41
",+351 213 547 892,,nfo@casa-museumedeirosealmeida.pt,www.casa-museumedeirosealmeida.pt,"Situada no centro de Lisboa, a Casa-Museu Medeiros e Almeida alberga uma coleção de artes decorativas deixada ao país pelo empresário António de Medeiros e Almeida (1895-1986), que em 1972 criou uma Fundação com o seu nome.

A coleção, exposta na casa habitada pelo casal Medeiros e Almeida, percorre 27 salas onde se admiram obras de arte portuguesas e estrangeiras, que datam do século II a.C. ao século XX e onde se incluem peças de mobiliário, pintura, escultura, ourivesaria, joalharia, arte sacra e têxteis. Destacam-se ainda quatro coleções expostas em salas próprias; relógios, porcelanas da China, pratas e leques.
A casa compreende duas áreas museológicas distintas; a Ala Antiga que foi habitada pelos donos da casa e que foi mantida tal como estava no seu tempo e a Ala Nova, construída sobre o antigo jardim da casa, que acrescentou ao museu salas com ambientes reconstituídos, especialmente de gosto francês.

O acervo caracteriza-se por um gosto muito eclético sendo que muitas das peças, para além do valor artístico, têm também valor histórico; entre elas, um conjunto de peças de porcelana da China com símbolos do rei D. Manuel I e de Portugal com 500 anos, um serviço de chá em prata portuguesa que acompanhou Napoleão Bonaparte no exílio, um relógio de bolso Breguet em ouro e platina encomendado pelo General Junot em 1808, um retrato inglês de D. Catarina de Bragança, um leque pertencente à Imperatriz Eugénia do Montijo...

A Casa-Museu dispõe de uma loja com artigos exclusivos e uma cafetaria, abertos no horário do museu.
",-,0,0e33c278-71e2-4a90-8e5d-8583baacb56b
-9.13785522149968,38.7070238684336,16,4800130004001012,999,Museu de Lisboa - Torreão Poente,"Praça do Comércio, 1",,,info@museudelisboa.pt,www.museudelisboa.pt,"Edifício que é parte integrante do conjunto edificado da Praça do Comércio, concebido após o Terramoto de 1755. 
Localiza-se sensivelmente no local onde existiu antes do Terramoto, o Paço da Ribeira. É um espaço dedicado a exposições temporárias de média duração, de temáticas diversas relacionadas com a história e o presente de Lisboa.

",-,1,32bb1e87-b460-4551-98d3-08b962d48005
-9.15642454916431,38.7584798228762,17,0902002001001002,999,Museu de Lisboa - Palácio Pimenta,"Campo Grande, 245
",+351 217 513 200,,info@museudelisboa.pt,www.museudelisboa.pt,"Museu de Lisboa é o novo nome do Museu da Cidade. Um nome que traz consigo um novo conceito, o de um museu polinucleado, no qual Lisboa e as suas histórias se revelam sob diferentes perspetivas. São cinco os núcleos do Museu de Lisboa - Palácio Pimenta, Teatro Romano, Santo António, Torreão Poente e Casa dos Bicos - com valências e objetivos complementares, que partilham uma missão, uma identidade e uma nova imagem. O propósito é o de revelar Lisboa de diferentes formas, para dar a conhecer a riqueza de uma das cidades mais antigas da Europa.

",-,1,26fd15aa-7343-4dd8-bd13-86395d3b2ed8
-9.13884669477369,38.7085052975316,18,4800126005001001,999,Museu do Dinheiro,"Largo de São Julião, 26 - R/C",+351 213 213 240,,info@museudodinheiro.pt,www.museudodinheiro.pt,"O Museu do Dinheiro, instalado na antiga igreja de São Julião, inteiramente restaurada no âmbito do projeto de reabilitação da sede do Banco de Portugal, oferece aos visitantes a oportunidade de conhecerem exemplares raros de notas e moedas de todo o mundo, numa experiência inovadora e interativa.

Tocar uma barra de ouro, fazer uma viagem virtual ao século XII, ver a primeira moeda da história, cunhada há cerca de 2 700 anos, conhecer a evolução das moedas e notas portuguesas ou cunhar virtualmente uma moeda com o rosto do visitante, são alguns dos atrativos deste espaço museológico.

O visitante é ainda convidado a descer à cripta da antiga igreja e a descobrir o único troço conhecido da Muralha de D. Dinis (Monumento Nacional).

Entrada Gratuita",-,0,23a76c10-e272-4572-9d99-e7f96be75851
-9.14627837088097,38.7325245606262,19,5000608009001002,999,Casa-Museu Doutor Anastácio Gonçalves,"Avenida Cinco de Outubro, 6-8
",+351 213 540 823,,divulgacao@cmag.dgpc.pt,http://blogdacmag.blogspot.pt/ ,"Instalada na casa onde viveu o pintor José Malhoa. Do acervo é de salientar uma coleção de pintura portuguesa dos séculos XIX e  XX.
A Casa -Museu possui ainda um importante espólio de porcelana chinesa do séc. XIII ao séc. XVIII, de referência internacional. Mobiliário português, francês, inglês e holandês dos séculos XVII e XVIII.Coleções de ourivesaria, relojoaria, têxteis, vidros e medalhística.
A denominada ""Casa Malhoa"" foi Prémio Valmor 1905. Projeto da autoria de Norte Júnior.
",-,0,f9491270-1725-4ed9-a6a4-66669da6149b
-9.14217296403132,38.7155597389024,20,3100403047001001,999,Museu Nacional do Desporto,"Praça dos Restauradores
Palácio Foz",+351 213 958 629,,museu@ipdj.pt,,"Aberto ao público a 12 de julho de 2012, por altura da comemoração dos 100 anos de participação de Portugal nos Jogos Olímpicos, e ano em que os mesmos se realizaram em Londres.
O museu beneficiou de várias doações que permitem dar a conhecer o legado desportivo nacional - medalhas, taças e equipamentos usados em competições importantes. 
Em exposição encontram-se artigos que pertenceram a atletas que colocaram o nome de Portugal no panorama desportivo internacional. De realçar as sapatilhas usadas pelo velocista António Rodrigues nas Olimpíadas de Los Angeles em 1932, a bota de ouro conquistada em 1965 por Eusébio, o equipamento com que Rosa Mota ganhou a maratona nos Jogos Olímpicos de Seul em 1988, uma camisola do mítico ciclista Joaquim Agostinho, o fato de Pedro Lamy nas 24 Horas de Le Mans, algumas das peças que o alpinista João Garcia usou nas subidas aos 14 picos mais altos do planeta.
O espaço Herança Olímpica, alusivo aos cem anos da participação portuguesa em Jogos Olímpicos, conta com cartazes das Olimpíadas ao longo da história, medalhas dos atletas portugueses, equipamentos, fatos oficiais e réplicas de Fachos Olímpicos.
Parte integrante do Museu é a sua vasta biblioteca dedicada ao desporto, a Biblioteca Nacional do Desporto. Com um acervo de aproximadamente 60 mil itens entre livros, monografias, publicações periódicas, vídeos, DVD, suportes áudio e outros. 
De entre os itens da BND destaca-se a obra «De Arte Gymnastica», de Hieronymus Mercurialis, de 1577, considerado o primeiro livro de desporto editado no mundo.
",-,0,217bb096-23b1-4a60-b054-9ae9d749d5b9
-9.2012721186638,38.6973545692592,21,3202701020001001,999,Museu da Presidência da República,"Praça Afonso de Albuquerque  

",+351 213 614 660,,museu@presidencia.pt,www.museu.presidencia.pt/,"O Palácio Nacional de Belém alberga, desde outubro de 2004, o Museu da Presidência da República, instalado nas antigas cocheiras do palácio. Este museu pretende ser um testemunho da vida e da obra dos vários presidentes da República Portuguesa e resulta de uma pesquisa e recolha exaustiva, ordenada pelo Dr. Jorge Sampaio. Pretende assim ilustrar o percurso de mais de 90 anos de regime republicano em Portugal, num esforço de aproximação e de esclarecimento do público. 
  O espaço museológico está organizado segundo uma lógica temática e cronológica, com recurso frequente às novas tecnologias da informação para criar um local em que a interatividade seja meio especial de diálogo entre o espólio e o utilizador. A exposição permanente, por exemplo, articula-se à volta de sete núcleos principais: República e Símbolos Nacionais (relacionado com a implantação deste regime em Portugal), República e seus Presidentes, Presentes de Estado, Os Presidentes da República (que inclui para além dos quadros a óleo de cada um dos 17 Chefes de Estado, objetos pessoais e vário acervo documental, político e biográfico de cada um deles), Palácio de Belém (visita virtual ao interior e jardins do palácio), Ordens Honoríficas e Poderes do Presidente, uma sala com pontos informáticos, onde o visitante pode aceder a informação relacionada com a presidência da república, em vários registos de linguagem e níveis de informação (do básico ao especializado). 
O museu prima também pela oferta de uma extensa e importante programação cultural, em que se apresenta um misto de iniciativas culturais e atividades lúdicas, dirigidas a públicos com características diferentes, que vão dos ciclos de conferências aos cursos e até a uma aula virtual, a que é possível aceder através do website do museu. O museu da presidência da República possui um espaço para exposições temporárias, loja, auditório, cafetaria e esplanada.

Visita guiada ao Palácio Nacional de Belém e Jardins ao sábado (11h00-16h00) e ao domingo (14h30-16h00) 



",-,0,130cf15b-6ea7-45fe-968c-1691a6318d3b
-9.16244553700053,38.7166406986747,22,3502603008001002,999,Casa Fernando Pessoa (encerrada até dezembro 2019),"Rua Coelho da Rocha, 16 
",+351 213 913 270,,info@casafernandopessoa.pt,http://casafernandopessoa.cm-lisboa.pt/,"A casa onde Fernando Pessoa morou nos últimos 15 anos da sua vida (1920-35), em Campo de Ourique, carismático bairro lisboeta, é hoje uma activa casa de cultura, onde se pode visitar o quarto do poeta, com a cómoda original sobre a qual, no chamado ¿dia triunfal¿, Pessoa deu voz aos seus principais heterónimos.
Objectos pessoais como a máquina de escrever, os óculos e blocos de apontamentos, entre outros, complementam o acervo da Casa Fernando Pessoa que alberga uma sala multimédia ¿ o Sonhatório ¿ e ainda a preciosa biblioteca particular do autor, digitalizada e disponível para consulta online.
Neste universo polivalente realizam-se colóquios, espectáculos, debates e conferências sobre literatura, exposições e oficinas para o público infantil. Tem também serviço de visitas guiadas por marcação e uma biblioteca, especializada em poesia e em Fernando Pessoa, de livre acesso.
A Casa Fernando Pessoa dispõe igualmente de um restaurante, o Flagrante Delitro (flagrantedelitro18@gmail.com / 21 395 07 04), cujo funcionamento se estende, de segunda a sábado, à hora do jantar.
Inaugurada em 1993, a Casa Fernando Pessoa foi concebida pela Câmara Municipal de Lisboa. Hoje é gerida pela EGEAC, EM. ",-,1,59e8b129-8574-4092-8973-93b25ecb5fa2
-9.15451262611756,38.7182866967729,23,4601301002001002,999,Casa-Museu Mestre João da Silva,"Rua Tenente Raúl Cascais, 11 
",+351 213 138 510,,,,"(Encerrada desde 2004 - assunto em tribunal por questões testamentárias - polémica entre a filha do artista e a Sociedade Nac. belas Artes - info abril 2012)
Esta casa foi habitação e atelier, entre 1930 e 1960, do escultor João da Silva, que deixou uma obra ímpar na história da ourivesaria, escultura, numismática e medalhística portuguesa.O museu possui um espólio, num total de 5595 peças, que compreende ourivesaria, escultura, mobiliário, numismática, medalhística, porcelanas, desenhos, gessos etc.
Em exposição encontram-se cerca de 300 obras de arte, que mudam, num sistema de rotatividade, de dois em dois anos
",-,0,f36152a5-9574-4e08-9844-30710872d81e
-9.14474819859231,38.7132102262394,24,1500902001001001,999,Museu Maçónico Português,"Rua do Grémio Lusitano, 25 
",+351 213 424 506,,museumaconicoportugues@gmail.com,www.gremiolusitano.pt,"Objetos e iconografia maçónica

",-,0,5c02f5a4-716d-40eb-9bb0-911a7f110606
-9.15039711411929,38.707810534668,25,4900412030001002,999,Museu das Comunicações,"Rua do Instituto Industrial, 16 
",+351 213 935 000 ,,museu@fpc.pt,www.fpc.pt,"Aberto ao público em 1997, o museu apresenta 3 exposições permanentes onde, de uma forma lúdica, nos é dado a conhecer o passado das comunicações e a dinâmica das novas tecnologias de ponta.  

Mala-Posta
Espaço onde são recriadas situações, relacionadas com o transporte de correio e de pessoas, do final do séc. XVIII e  início do séc. XIX.

Vencer a Distância - Cinco Séculos de Comunicações em Portugal
É uma mostra - organizada em dois núcleos, um dedicado à historia dos Correios e um outro às Telecomunicações - sobre a evolução e o aperfeiçoamento das técnicas que permitiram ao homem uma comunicação cada vez mais rápida e eficiente.

Casa do Futuro Inclusiva 
É um espaço interativo, em permanente evolução, no qual se recriou um ambiente doméstico dotado das mais modernas tecnologias.
Este museu possui um arquivo histórico com documentos datados desde o século XVII.
No Espaço multimédia podem visionar-se vídeos, navegar na internet etc.
Tem cafetaria 

",-,0,ff901b46-cc9f-451f-99d0-b62dbcbccb97
-9.13044206146705,38.7121172219711,26,3400303012001002,999,Museu de Artes Decorativas Portuguesas ,"Largo das Portas do Sol, 2
",+351 218 814 600,,museu@fress.pt,www.fress.pt,"Instalado no Palácio Azurara, edifício datado do século XVII, mas com raízes seiscentistas, foi adquirido em 1947, pelo colecionador e filantropo Ricardo do Espírito Santo Silva para albergar a sua coleção de artes decorativas. A instalação da coleção só se processou após obras de restauro, que puseram a descoberto variados painéis azulejares e, uma torre e vestígios da primitiva muralha de Lisboa, conhecida como Cerca Moura. A fundação, instituída em 1953 inclui, para além do Museu, escolas e oficinas de restauro que contemplam artes e ofícios como o douramento, restauro de azulejo, encadernação e mobiliário. 
O Museu-Escola de Artes Decorativas Portuguesas desenvolve-se através de várias salas que refletem os diferentes estilos decorativos dos ambientes senhoriais portugueses, do século XVII ao século XIX. Assim, núcleos museológicos de mobiliário, têxteis, ourivesaria, porcelana, vidros, pintura e azulejo unem-se numa recriação de épocas como a de D. José ou de D. Maria I, em que o azulejo, bem sumptuário por excelência até inícios do século XIX, desempenha um papel de quase omnipresença. 
A coleção de azulejos deste museu é composta por exemplares do próprio palácio em que está instalado, e de painéis provenientes da Quinta dos Chavões, Palácio dos Duques de Cadaval, Quinta do Ramalhão e Palácio do Almoxarifado, entre outros. É um testemunho fiel da evolução da azulejaria entre os séculos já referidos e ""figuras de convite"" painéis de delicados emolduramentos rococó e painéis neoclássicos, alguns com chinoiseries. Visitar o Museu de Artes Decorativas Portuguesas da Fundação Ricardo Espírito Santo Silva configura-se como uma agradável viagem à vida senhorial portuguesa, testemunhando os ambientes nativos dos silhares de azulejos destinados à vida quotidiana. 
As coleções do Museu são apresentadas num contexto interpretativo através da organização dos vários espaços por época e funcionalidades numa ""encenação"" de ambientes de uma casa fidalga portuguesa.
As visitas guiadas (mínimo 10 pessoas) necessitam de marcação prévia. 

Proibido fotografar e filmar no interior do Museu. 


",-,0,77081984-e06a-42f8-a77c-172f1f2ccfa3
-9.1799029084469,38.7016116963079,27,0202512057001,2,Museu da Carris,"Rua Primeiro de Maio (a Santo Amaro), 101
",+351 213 613 087,,museu@carris.pt,http://museu.carris.pt/,"Este Museu pretende mostrar ao público as memórias da Carris, que ao longo de mais de um século contribuiu para a evolução dos transportes públicos na cidade de Lisboa.
Este espaço possibilita ao visitante uma viagem no tempo através de: documentos, relatórios, fotografias, uniformes, títulos de transporte, equipamento oficinal, elétricos, autocarros etc.
Este Museu é composto por 2 núcleos:
1 - A evolução histórica da empresa através de documentos e pequenos objetos;
2 - As antigas oficinas são agora um espaço dedicado à exposição de veículos de tração animal, carros elétricos, autocarros e outras máquinas.
Um elétrico do início do século faz a ligação entre estes dois núcleos.
Dispõe de Loja com objetos relacionados com a história da CARRIS







",-,0,3e920548-be82-42d8-bcf3-d7f068d84c09
-9.18403810882125,38.7513978049596,28,3900302016001,2,Museu Cosme Damião,Avenida General Norton de Matos,+351 217 219 590,,museu@slbenfica.pt,http://museubenfica.slbenfica.pt/,"O Museu Benfica - Cosme Damião reúne os grandes temas da história do Sport Lisboa e Benfica, da cidade de Lisboa e do mundo. Uma visita ao Museu permite conhecer e lembrar os troféus, os factos e os nomes que fizeram deste Clube um bastião do desporto mundial.
Inaugurado em 2013, este equipamento cultural recebe o nome de uma das figuras incontornáveis da história do Sport Lisboa e Benfica: Cosme Damião, considerado o ¿pai¿ do Clube.
Com cerca de quatro mil metros quadrados, distribuídos por três pisos, o Museu está organizado em 29 áreas temáticas, onde a interatividade e a tecnologia são recursos de relevo. Em exposição, cerca de mil peças contam a história da paixão de um país.
O Museu Benfica - Cosme Damião oferece ainda uma programação diversificada, que proporciona experiências novas e enriquecedoras a todos os que queiram participar.",-,0,fa76e58b-8741-40f7-848c-e83599b0b4c0
-9.19371529016947,38.6960435311015,29,3202810052001,2,"MAAT - Museu de Arte, Arquitetura e Tecnologia",Avenida de Brasília,+351 210 028 130,,info.maat@edp.pt,https://www.maat.pt,"O MAAT, propriedade da Fundação EDP, é um espaço museológico que põe em comunicação a Central Tejo, um dos exemplos nacionais de arquitetura industrial da primeira metade do século XX e um novo edifício, desenhado pelo atelier de arquitetura Amanda Levete Architects e inaugurado a 5 de outubro 2016. 
O Museu pretende ser ponto de encontro, reflexão e debate de três disciplinas: arte, arquitetura e tecnologia.              
A Central Tejo começou a laborar em 1919, e forneceu energia elétrica à cidade de Lisboa durante a 1ª metade do século XX. 
A Central albergou o Museu da Eletricidade, inaugurado em 1990, encerrou em 2001 e reabriu em maio de 2006 com um conceito mais moderno de musealização. Mantendo natureza de repositório do passado foi transformado num espaço para dar a conhecer o presente e debater o futuro.
O museu apresenta exposições nacionais e internacionais de artistas, arquitetos e pensadores contemporâneos.
Além das exposições, o programa do museu inclui: Visitas Orientadas; Oficinas Criativas (famílias / crianças); Workshops (jovens / adultos); Conversas, Conferências e Performances com artistas, curadores e especialistas de diferentes áreas.
",-,0,51198814-4826-429b-be9a-825ee08f7fdd
-9.19838680183645,38.6968006053555,30,3202805090001,2,Museu Nacional dos Coches,Avenida da Índia,+ 351 210 732 319,,geral@mncoches.dgpc.pt,http://museudoscoches.gov.pt/pt/,"O atual edifício do Museu dos Coches, desenhado pelo arquiteto brasileiro Paulo Mendes da Rocha, e, inaugurado a 23 de maio de 2015, é constituído por um pavilhão principal com uma nave suspensa e um anexo, com uma ligação aérea, que assegura a circulação entre os dois edifícios. 
O museu reúne uma coleção única no mundo de viaturas de gala e de passeio, dos séculos XVI a XIX, na maioria provenientes dos bens da coroa ou da Casa Real portuguesa. 
O espaço museológico dispõe de duas salas de exposição permanente, uma sala de exposições temporárias, áreas de reservas, oficina de conservação, biblioteca, arquivo e auditório.

Picadeiro Real | Praça Afonso de Albuquerque  
O antigo edifício do Museu Nacional dos Coches continua a funcionar como parte integrante do novo museu, acolhendo algumas carruagens e viaturas de aparato do século XVIII, arreios, e um núcleo dedicado à rainha D. Amélia, assim como toda a galeria de pintura dos reis de Portugal.
", .,0,558b1f7f-af66-48c1-810c-c2d8f1146f9b
-9.13268944867858,38.7101715097655,31,5200302007001,2,Museu do Aljube - Resistência e Liberdade,"Rua de Augusto Rosa, 42",+351 215 818 535,, info@museudoaljube.pt, www.museudoaljube.pt,"O museu, instalado na antiga prisão política que a Ditadura Militar destinou a todos os opositores que combateram o regime ditatorial a partir de 1926, abriu portas a 25 de abril de 2015. Pretende, simultaneamente, constituir-se como um espaço de construção de cidadania democrática e de educação cívica
A obra de recuperação e adaptação do edifício é da autoria dos arquitetos Manuel Graça Dias e Egas José Vieira.
O museu está organizado por cinco pisos: 
Piso -1 - Mostra de objetos arqueológicos; 
Piso 0 - Espaço para exposições temporárias; 
Pisos 1 e 2 - Exposições permanentes, dedicadas à memória do combate à ditadura e da luta pela liberdade e democracia, onde se inclui uma reconstituição das celas de isolamento que ficaram conhecidas por ""curros""; 
Piso 3 ¿ Exposição permanente onde se dá a conhecer as lutas de libertação dos povos coloniais e da guerra colonial.  
Piso 4 - Auditório e cafetaria com vista panorâmica.
O museu dispõe, ainda, de um Centro de Documentação e de um Serviço Educativo que organiza visitas didáticas.

Horário:
3ªf. a domingo - 10h00 às 18h00
Encerra: 2ªf e feriados

Transportes 
Autocarro: 737
Elétricos: 12, 28
Metro: Terreiro do Paço
Comboio: Santa Apolónia - Linha Azambuja e Norte
",-,0,27e13de2-ed3d-411b-95d0-c017b8a063b5
-9.21188968340091,38.6943685761155,32,3200616034001,2,Centro de Arqueologia de Lisboa,"Avenida da Índia, 166",+351 218 172 180,,centro.arqueologia@cm-lisboa.pt ,,"Espaço inteiramente dedicado à Arqueologia na cidade de Lisboa, desde a investigação, intervenção, restauro e conservação, até aos contributos de outras áreas académicas que se cruzam com a arqueologia para nos oferecer um maior e melhor conhecimento da História da nossa Cidade.

O Serviço Educativo organizam diferentes visitas e oficinas, mediante marcação prévia, conforme o grupo seja de escolas, instituições ou público em geral. Para as escolas existe uma programação com visitas-oficina que a partir do ano lectivo 2018-2019, conta com mais uma visita-oficina concebida especialmente para o Programa Descola.

Na primeira segunda-feira útil de cada mês, às 10h30, abrimos as portas do centro sem qualquer marcação prévia.

Todas as visitas e oficinas pedagógicas são gratuitas.

Marcações: centro.arqueologia@cm-lisboa.pt | +351 218 172 180
",-,1,ae37d952-c85a-460d-90dc-086810d6fd65
-9.13708778356592,38.7099448161911,33,4800211005001,2,Núcleo Arqueológico da Rua dos Correeiros (BCP),"Rua dos Correeiros, 15-23

",+351 211 131 004,,fundacao@millenniumbcp.pt,http://ind.millenniumbcp.pt/pt/Institucional/fundacao/Pages/fundacao_NARC.aspx,"Podemos observar e admirar estruturas sobrepostas de períodos históricos desde o Púnico ao Medieval e o  Pombalino , para além de um espólio de várias épocas, dispostas de modo a mostrar as várias fases da ocupação da zona da baixa.
Visitas guiadas de 45 minutos.

",-,0,1e6e9d45-f348-4470-96ca-c758104cf139
-9.20773166042847,38.6957476930516,34,3200616010001010,999,Museu Coleção Berardo,"Praça do Império
Centro Cultural de Belém

",+351 213 612 878,,museuberardo@museuberardo.pt,www.museuberardo.pt,"O Museu Coleção Berardo abriu portas a 25 de junho de 2007 no Centro de Exposições do Centro Cultural de Belém e conta com um acervo de 862 obras. 
O Museu oferece ao público uma visão global da criação nas artes plásticas do século XX e início do século XXI, em especial na arte europeia e americana, e procurou traçar uma perspetiva histórica e estilística em torno de grandes conceitos como a Abstração, a Figuração, o Surrealismo, a Arte Pop, o Hiper-Realismo, a Arte Minimalista, a Arte conceptual entre outros.
A exposição permanente, conjuntamente com as exposições temporárias, cria uma dinâmica cultural para públicos diversificados.
A programação do Museu é orientada pela rotação dos diversos movimentos artísticos.

",-,0,fab49caa-f24e-4a61-b64d-c8068bcb1988
-9.16821369579666,38.7432987016274,35,3905410102003024,999,Museu das Crianças,Praça Marechal Humberto Delgado,+351 213 976 007 / 217 268 082,,aaha@museucriancas.com.pt,http://www.museudascriancas.eu/,"Exibe uma exposição interactiva. Dedicado às crianças, o museu encontra-se ainda em instalações provisórias. Contém oficinas didácticas sobre o tema da exposição.
",http://www.museudascriancas.eu/,0,620bd2bc-5a15-4248-a7ef-a63624bd64f3
-9.13689138759032,38.7090385996979,36,4800216001001002,999,Mude - Museu do Design e da Moda (encerrado até junho 2019),"Rua Augusta, 24 
",+351 218 171 892,,mude@cm-lisboa.pt,www.mude.pt,"O MUDE, Museu do Design e da Moda abriu as portas a 22 maio de 2009.
O Museu está instalado no edifício da antiga sede do Banco Nacional Ultramarino, imóvel que sofreu sucessivas campanhas de obras, na sua maioria de remodelação e ampliação dos espaços interiores, destacando-se as realizadas entre 1951 e 1967, da autoria do Arquiteto Cristino da Silva.
A adaptação deste edifício a museu deve-se à vontade da Câmara Municipal de Lisboa de dotar a cidade de novos equipamentos culturais.
Do acervo do museu faz parte a coleção de Francisco Capelo, composta por 2.500 objetos, considerada como uma as melhores do género em todo o mundo.
No MUDE podem ver-se trabalhos de designers como Russel Wright, Charlotte Perriand, Ettore Sottsass e Mar Newson e peças dos estilistas Pierre Balmain, Paco Rabanne, Jean Paul Gaultier, Vivienne e John Galliano.
A exposição permanente, conjuntamente com as exposições temporárias, irá criar uma dinâmica cultural para públicos diversificados.
Este espaço cultural dispõe uma sala polivalente e cafetaria

",-,1,c867c735-a0c1-49b2-9dde-58962fc2fff8
-9.15643592363243,38.7584707156891,37,0902002001001001,999,Museu de Lisboa - Palácio Pimenta,"Campo Grande, 245
",+351 217 513 200,,info@museudelisboa.pt,www.museudelisboa.pt,"Museu de Lisboa é o novo nome do Museu da Cidade. Um nome que traz consigo um novo conceito, o de um museu polinucleado, no qual Lisboa e as suas histórias se revelam sob diferentes perspetivas. São cinco os núcleos do Museu de Lisboa - Palácio Pimenta, Teatro Romano, Santo António, Torreão Poente e Casa dos Bicos - com valências e objetivos complementares, que partilham uma missão, uma identidade e uma nova imagem. O propósito é o de revelar Lisboa de diferentes formas, para dar a conhecer a riqueza de uma das cidades mais antigas da Europa.

",-,1,9441c4ba-a379-4778-b526-0a30a3e3fa90
-9.11987442689007,38.7197333055046,38,2901703100001001,999,Museu da Água ,"Rua do Alviela, 12
",+351 218 100 215 ,,museu@epal.pt,museudaagua.blogspot.com,"Inaugurado a 1 de outubro de 1987, foi galardoado com o Prémio de Museu do Conselho da Europa em 1990. Este Museu abrange 4 núcleos:
Estação Elevatória a Vapor dos Barbadinhos
Inaugurada em 1880, permitiu alargar o abastecimento de água às zonas mais altas de Lisboa. Este espaço mantém intacto o ambiente característico de uma instalação industrial do século XIX, onde se destacam as 4 máquinas a vapor oriundas das Oficinas de E. W. Windsor de Ruão e que funcionaram até 1924.
A Sala de Exposição Permanente, a Sala de Exposições Temporárias e o Arquivo Histórico, através de documentos, objetos e fotografias, dão-nos conhecer a problemática da água e a história do abastecimento de água a Lisboa.
Rua Alviela, 12     

Aqueduto das Águas Livres
Mandado construir por D. João V, as obras iniciaram-se em 1731 dirigidas por Manuel da Maia e Custódio Vieira.
O Aqueduto é uma das mais notáveis obras de sempre da engenharia hidráulica e a sua extensão total , incluindo todos os seus ramais, é de 58.135 metros.
Calçada da Quintinha  

Mãe d'Água das Amoreiras 
O Reservatório da Mãe d'Água, concluído em 1834, foi concebido pelo arquiteto húngaro Carlos Mardel. A sua construção teve como objetivo receber e distribuir as águas aduzidas pelo Aqueduto das Águas Livres. 
No Interior destaca-se a cascata, a Arca d'Água e a Casa do Registo.
Este espaço é atualmente utilizado para a realização de eventos culturais, nomeadamente exposições, concertos, bailado e teatro.
Jardim das Amoreiras, 10 

Reservatório da Patriarcal 
Construído entre 1860 e 1864, para servir a rede de distribuição de água da zona baixa da cidade, foi projetado pelo arquiteto francês Mary. A sua localização, no subsolo, e ambiência levaram a um projeto de recuperação de modo a ser visitado e utilizado para a realização de atividades culturais.
Jardim do Príncipe Real    
",-,0,90161279-21f1-4b07-87f3-2d06b67eaad7
-9.13324088580393,38.7098164479142,39,5200305001001001,999,Tesouro da Sé,"Largo da Sé
",+351 218 866 752,,tesouro@se-patriarcal.pt,,"Inserido num projeto que engloba todo o edifício, o Tesouro da Sé, não é um simples museu de arte sacra (séc. XV-XIX) mas uma exposição permanente que permite evidenciar o uso e significado religioso dos objetos expostos (paramentaria, ourivesaria, escultura e pintura), para além do seu valor artístico e cultural. Daí a sistematização das quatro salas: 
Relíquias e Relicários -  é a partir das relíquias dos mártires, como tesouro das antigas comunidades cristãs, que se agrupam os demais objetos ligados ao culto cristão;
Ano Litúrgico - convite a acompanhar rapidamente o que durante os tempos dum ano litúrgico é usado na Sé;
Sala do Capítulo - na unidade da Igreja há multiplicidade de corpos como o Cabido que era o senado do Bispo;
A Biblioteca -  com vitrinas. Terminam o circuito dois expositores, um com alfaias de aparato e outro com a extraordinária custódia rica, dita de D. José.
",-,0,d74d6950-fd65-4564-882a-77a986c39c41
-9.20884093966717,38.7049054921874,40,4001508003001001,999,Museu Nacional de Etnologia,"Avenida da Ilha da Madeira
",+351 213 041 160,,mnetnologia@imc-ip.pt,https://mnetnologia.wordpress.com/,"Este museu reúne coleções de vários países do mundo, destancando-se as do continente africano.
As suas coleções são apresentadas no âmbito de exposições temporárias e de várias temáticas.
Nas Galerias da Vida Rural expõem-se alfaias agrícolas, instrumentos de trabalho, e muitos outros objetos ligados à vida tradicional portuguesa. Acessível mediante marcação prévia ou visitas guiadas às 10h30 e às 14h30.

As Galerias da Amazónia, que são reservas visitáveis, permitem trazer junto do público a totalidade dos objetos do Museu procedentes das sociedades ameríndias, em especial da floresta Amazónica. Acessíveis mediante marcação prévia ou visitas guiadas às 11h30 e às 15h30.

Dispõe de uma Biblioteca / Mediateca especializada nas áreas da Etnologia, Antropologia e Museologia contando com cerca de 20.000 especimenes, entre monografias e revistas.
Possui vasta documentação fotográfica, filmográfica e fonográfica referente a vários contextos culturais, com especial destaque para Portugal e os países africanos de expressão portuguesa.
Dispõe de uma Livraria especializada nas áreas da Etnologia, Antropologia e Museologia e de um Auditório com capacidade para 160 pessoas.
Tem cafetaria e esplanada
",-,0,50a11170-6a07-4321-94f5-a0c479318d43
-9.15457178287395,38.7154582624355,41,3001101027001001,999,Casa-Museu Amália Rodrigues,"Rua de São Bento, 193
",+351 213 971 896,,casamuseu@amaliarodrigues.pt,www.amaliarodrigues.pt/artigo-casa-museu-2,"Residência de Amália Rodrigues (1920-1999) desde os anos 50 do século XX, foi transformada em Casa-Museu em 2001 mantendo o ambiente original.
A visita inicia-se pelo Hall onde se podem admirar azulejos do século XVIII, uma tapeçaria com cena de caça dos finais do século XVIII, mobiliário dos séculos XVII, XVIII e XIX e um retrato de Amália da autoria do pintor português Luís Pinto Coelho.
Segue-se a Sala de Jantar, com as paredes decoradas com frescos pintados por Basalisa, que alberga mobiliário inglês do século XIX, cristais italianos, pratas portuguesas e loiças da Companhia das Índias.
Quartocom cama em estilo D. Maria, trabalho português do século XVIII/XIX, e um dos vestidos usados por Amália.
A Ante-Câmara onde se podem ver vários quadros de artistas portugueses entre eles Menez, Mário Cesariny, Cargaleiro, Ribo, Jacinto Luís, Maria Taveira; uma vitrina com joias de cena, e objetos de adorno.
O Quarto de Amália exibe pintura e mobiliário portugueses dos séculos XVII e XVIII, e vestidos usados em espetáculos.
A Sala, com lambril de azulejos do século XVIII e tapetes orientais, alberga mobiliário português e italiano do século XVIII, porcelanas da Companhia das Índias, um piano de meia cauda da Casa Petrov, uma guitarra com granadas, turquesas e minas novas do século XVII e guitarra e bandolim com embutidos do século XIX, entre outros objetos.
Em exposição muitos objetos pessoais entre os quais vestidos de cena, xailes, galardões, joias, adereços etc.
Dispõe de uma loja onde podem ser adquiridos pequenos objetos.

",-,0,d68ee539-8805-4a7a-9d5c-f16ca2a95ea5
-9.1338777581027,38.7100122268283,42,5200304001001002,999,Museu de Lisboa - Santo António,"Largo de Santo António da Sé, 22 
",+351 218 860 447,,info@museudelisboa.pt,http://www.museudelisboa.pt/equipamentos/santo-antonio.html,"Reaberto ao público em julho de 2014, o Núcleo de Santo António do Museu de Lisboa dá a conhecer a figura do Santo, enfatizando a sua relação com Lisboa, cidade onde nasceu e viveu até aos 20 anos. 
A exposição apresenta peças do acervo da CML e de coleções públicas e privadas, que são periodicamente renovadas, permitindo dar a conhecer o vasto espólio de temática antoniana disperso pelo país. Destaque para as peças do Museu Nacional de Arte Antiga, Museu Nacional de Arqueologia, Museu de Aveiro, Museu Nacional Machado de Castro, Museu dos Biscainhos e de vários colecionadores privados.

",-,1,d93f3980-56b8-43bc-bd41-1c488b4a1471
-9.1324910764093,38.7102533314747,43,5200302006001002,999,Museu de Lisboa - Teatro Romano,"Rua S. Mamede, 3A 
",+351 215 818 530,,info@museudelisboa.pt,www.museudelisboa.pt,"Este espaço museológico pretende dar a conhecer o Teatro construído na época do Imperador Augusto e reconstruído em 57 d.C. ao tempo de Nero.
Abandonado no séc. IV d.C., permaneceu soterrado até 1798, ano em que as ruínas foram descobertas durante a reconstrução de Lisboa pós-Terramoto.
Só na segunda metade do século XX o Teatro Romano voltaria a ser ""redescoberto"", passando a ser alvo de diversas campanhas arqueológicas, ao longo das quais se recuperou parte das bancadas, da orquestra, da boca de cena e do palco e um conjunto de elementos arqueológicos e decorativos. Em 1967 foi classificado como imóvel de interesse público.
O percurso museológico compreende, atualmente, uma área de exposição, um campo arqueológico e as ruínas do Teatro. Na área de exposição podemos ver elementos iconográficos e bibliográficos (séculos XVIII e XIX) e espólio arqueológico romano como capitéis, bases e fustes de colunas, escultura, epigrafia e cerâmicas. Suportes multimédia, completam a informação sobre a história, função e arquitetura deste teatro.
",-,1,b9cb8abe-a89e-460d-bb7a-4ba38471780c
-9.15037814080216,38.7112801016357,44,2201303020001001,999,Atelier-Museu Júlio Pomar,"Rua do Vale, 7 ",+351 218 172 111,,atelier.museu.pomar@cm-lisboa.pt,www.ateliermuseujuliopomar.pt,"O Atelier-Museu Júlio Pomar, inaugurado dia 5 de abril de 2013, é um  projeto da autoria do arquiteto Álvaro  Siza Vieira.
O imóvel, um antigo armazém do século XVII, foi adquirido pela Câmara Municipal  de Lisboa em 2000 com o objetivo de o recuperar e ali instalar o atelier-museu de modo a preservar e divulgar a obra do artista plástico português.
O Atelier-Museu possui um acervo de cerca de 400 obras, doadas pelo artista à Fundação Júlio Pomar, com pintura, escultura, desenho, gravura, cerâmica, colagens e assemblage. 
O espaço acolherá também exposições e eventos centrados em artistas diferentes.
",-,1,ab59a046-5de5-403f-a238-17169fc793c9
-9.15417097076385,38.758842589333,45,0901602187001001,999,Museu Bordalo Pinheiro,"Campo Grande, 382 
",+351 215 818 540,,info@museubordalopinheiro.pt,http://www.museubordalopinheiro.pt,"Trata-se de um Museu biográfico e monográfico, dedicado à vida e obra de Rafael Bordalo Pinheiro (1846-1905), importante personagem do meio cultural, artístico e político da Lisboa da segunda metade do século XIX. Com uma obra muito diversificada do ponto de vista das artes plásticas, especialmente nos domínios do grafismo e da cerâmica, notabilizou-se como caricaturista, desempenhando um importante, e por vezes, contundente papel de crítico da sociedade sua contemporânea.
O espólio do Museu compreende a mais completa coleção de cerâmica bordaliana portuguesa, com o seu característico hipernaturalismo, bem como uma extensa mostra de pintura, desenhos originais e  publicações.

Menção Honrosa do Prémio Valmor de 1914",-,1,fd91f101-7f36-4836-9b2a-e31067a134c7
-9.13257983714591,38.7090129815339,46,5200411046001001,999,Museu de Lisboa - Casa dos Bicos,"Rua dos Bacalhoeiros,10 ",+351 210 993 811,,info@museudelisboa.pt,www.museudelisboa.pt,"A Casa dos Bicos, onde atualmente está sedeada a Fundação Saramago, foi alvo, desde os anos 1980, de uma série de campanhas arqueológicas que puseram a descoberto um património de valor inquestionável que percorre várias épocas da história de Lisboa. Das escavações efetuadas recolherem-se e estudaram-se objetos de uso quotidiano dos séculos XVI a XVIII e descobriram-se vestígios romanos como cetárias (tanques de uma unidade fabril de preparados de peixe) assim como troços da muralha tardo-romana e da muralha medieval.

Vestígios e objetos são agora mostrados no piso térreo da Casa dos Bicos que integra, ela própria, o percurso museológico concebido para contar a história do sítio.

", .,1,3e50c69e-a405-40fa-af18-db016cdc0679
-9.20844625406731,38.6938036009253,47,3202220016001001,999,Museu de Arte Popular,Avenida de Brasília,+ 351 213 011 282,,geral@map.dgpc.pt,https://museuartepopular.wordpress.com/,"Inaugurado em 1948, o seu acervo é essencialmente do século XX, baseando-se na recolha de peças para a Exposição de Arte Popular Portuguesa apresentada em Genebra, em 1935. O edifício original do museu, concebido pelo arquiteto Veloso Reis para a Exposição do Mundo Português (em 1940), foi inteiramente remodelado pelo arquiteto Jorge Segurado para adaptação ao projecto museológico. O espaço organiza-se de acordo com uma divisão do país em províncias administrativas, e a própria apresentação das coleções está nitidamente marcada pelas conceções e pela estética do Estado Novo. 
",-,0,7ce4730e-3d66-4112-85d8-f21f54d90db2
-9.09536954656264,38.7622841416473,48,3308505032001001,999,Pavilhão do Conhecimento - Centro Ciência Viva,"Largo José Mariano Gago - Parque das Nações
",+351 218 917 100,,info@pavconhecimento.pt,www.pavconhecimento.pt,"Centro Interativo de Ciência e Tecnologia, concebido segundo os conceitos da moderna museologia, é um espaço vivo que compreende exposições simultâneas, debates, colóquios e conferências, permitindo ao visitante um contacto direto e uma descoberta permanente em relação às mais diversificadas experiências científicas e tecnológicas, transformando-o num sujeito ativo desse processo que conduz ao conhecimento. O Centro Ciência Viva ocupa todo o espaço do antigo Pavilhão do Conhecimento dos Mares, construído por ocasião da EXPO 98,segundo projeto do arq. Carrilho da Graça. Pavilhão esse, que retratava, de uma forma geral, a relação do Homem com os oceanos, através da exposição de todos os utensílios utilizados na navegação, bem como a sua evolução histórica, dentro do contexto de exploração e descobertas marítimas. Este exemplar arquitetónico em betão branco, que resulta do cruzamento de um volume vertical com um volume horizontal suspenso e rasgado por um pátio de acesso.",-,0,5ced37bb-a40c-4122-abaa-264ff5484f75
-9.14731588910151,38.7100316725566,49,2801504002001001,999,Museu da Farmácia,"Rua Marechal Saldanha, 1 
",+351 213 400 680,,museudafarmacia@anf.pt,www.anf.pt,"ÁREAS DE EXPOSIÇÃO
Farmácia Portuguesa 
Foram recriados espaços e ambientes que permitem ao visitante aperceber-se, de uma forma mais imediata, da evolução da história e tecnologia da farmácia portuguesa, desde o final do século XV até aos nossos dias. Reconstituições de autênticas farmácias portuguesas desde a antiga botica do séculos XVIII, até à Farmácia Liberal do início do século XX.
É de salientar ainda a reconstituição de uma autêntica farmácia tradicional chinesa, oriunda de Macau do final do século XIX e de uma área dedicada à Farmácia Militar.

Farmácia no Mundo 
A temática da Farmácia e da Saúde são abordadas com peças de extrema qualidade, oriundas de civilizações e culturas tão distantes no tempo e no espaço, como a Mesopotâmia, o Egito, a Grécia, Roma, os Incas, os Astecas, o Islão, o Tibete, a China, o Japão e, finalmente, a Farmácia Europeia desde a idade média até 1929, com o isolamento da penicilina pelo cientista inglês Fleming.
A exposição termina, com a exibição das farmácias portáteis usadas no Space Shuttle ¿Endeavour¿ na última viagem do milénio (dezembro de 2000), para além de medicamentos da Estação Orbital Mir e da comida dos astronautas russos. 
O museu dispõe de loja e restaurante.




",-,0,c699eeb2-2880-418a-8730-14919e89d1cf
-9.15824342651057,38.7158470650614,50,3001305014001001,999,Museu João de Deus,"Avenida Álvares Cabral, 69  
",+351 213 960 854,,museu@escolasjoaodeus.pt,www.joaodeus.com/museu/museu.asp,"Trata-se de um Museu bibliográfico, pedagógico e artístico. É essencialmente uma biblioteca histórica, destacando-se o acervo sobre Ciências da Educação.
Possui pintura e escultura portuguesas, medalhas e objetos pessoais de João de Deus.
",-,0,fd95965e-52d2-4688-ae4d-4e930c2849a3
-9.15574130672887,38.7221274676292,51,4601106010001001,999,Museu Arpad Szenes - Vieira da Silva,"Praça das Amoreiras, 56
",+351 213 880 044 /53,,fasvs@fasvs.pt,www.fasvs.pt,"Inaugurado em novembro de 1994, este Museu foi instalado no edifício da antiga Real Fábrica dos Tecidos da Seda, um edifício do séc. XVIII, sendo o projeto de adaptação da autoria dos arquitetos Sommer Ribeiro e Richard Clarke.
A coleção é composta por obras significativas de Maria Helena Vieira da Silva e Arpad Szenes.
Para além da exposição permanente que cobre um vasto período da obra dos dois pintores, são apresentadas regularmente exposições temporárias de artistas que partilharam afinidades artísticas com Arpad Szenes e Vieira da Silva ou com eles conviveram.
Este Museu possui ainda um auditório com capacidade para 100 pessoas, uma loja / livraria onde podem ser adquiridas publicações e peças originais exclusivamente criadas para o Museu.
",-,0,1b3e25c7-5f81-4cd8-a719-aa99e577a6e0
-9.15408831677458,38.7356223002457,52,2301701019002001,999,Museu Calouste Gulbenkian - Coleção Moderna,"Rua Dr. Nicolau de Bettencourt
",+ 351 217 823 474 | +351 217 823 483,,museu@gulbenkian.pt,https://gulbenkian.pt/cam/colecao-moderna/,"O Centro de Arte Moderna (CAM), inaugurado em 1983, passou a designar-se Museu Gulbenkian-Coleção Moderna em julho de 2016. Nesta data foi feita uma reestrutauração das duas coleções museológicas da Fundação Calouste Gulbenkian. O Museu Calouste Gulbenkian e o Centro de Arte Moderna Azeredo Perdigão (CAM) passaram integrar uma mesma entidade - o Museu Gulbenkian.
A Coleção Moderna, que foi sendo constituída desde o final dos anos 50, reúne atualmente uma coleção de cerca de 9.000 peças de artistas portugueses e estrangeiros dos séculos XX e XXI, e onde se destaca a representação da arte portuguesa das primeiras décadas do século XX.




",-,0,49fb3b94-0db4-4590-9c3b-6876fac029e5
-9.1339272453934,38.7129732797604,53,1200101005001001,999,Núcleo Museológico do Castelo de São Jorge,Castelo de São Jorge,+351 218 800 620,,info@castelodesaojorge.pt,http://www.castelodesaojorge.pt,"Este espaço pretende dar a conhecer as múltiplas culturas que desde o séc. VII a. C até ao séc. XVIII foram contribuindo para a construção da cidade.
Localizado no que resta do antigo Paço Real da Alcáçova, é composto por três grandes salas:
A Sala das Colunas que alberga a coleção do período islâmico, constituída sobretudo por peças encontradas na Alcáçova construída no século XI.  
A Sala da Cisterna que acolhe o espólio das restantes épocas, da Idade do Ferro (período de que datam os mais antigos vestígios) ao século XVIII, quando o terramoto de 1755 destruiu boa parte do edificado, passando pela Idade Média, quando o Paço das Alcáçovas e edifícios complementares se estenderam por toda a zona muralhada.
A Sala Ogival serve de receção e área de serviços.
",-,0,08a8aca7-e0b5-413f-8c4a-2e51bda78304
-9.17977761053275,38.7498597975833,54,3900309002001001,999,Museu Nacional da Música,"Rua João de Freitas Branco
Estação de Metro Alto dos Moinhos
",+351 217 710 990,,geral@mnmusica.dgpc.pt,www.museudamusica.pt,"O Museu da Música reúne uma importante coleção de objetos organológicos de diversas proveniências, compreendendo cerca de cinco séculos de artesanato instrumental, sobretudo europeu, mas também africano e asiático, de tradição erudita e popular, além de um considerável acervo iconográfico, documental e fonográfico.
O Museu dispõe de seis cabines com cd interativos (imagem e captação de som com pequenas passagens exemplificativas de instrumentos musicais).
O museu encontra-se no interior da Estação de Metropolitano Alto dos Moinhos
",-,0,4d414562-1636-44f5-850a-3daffb72e073
-9.14734988674176,38.7126151883045,55,2801204015001011,999,Museu da Liga dos Combatentes,Rua de O Século 46 R/C,21 346 82 45 / 46 ,,geral@ligacombatentes.org.pt,www.ligacombatentes.org.pt,"Possui peças relativas à Grande Guerra.
",www.ligacombatentes.org.pt,0,a297824c-2b3b-4631-aacd-d54853cd9690
-9.16520794363578,38.7748800586828,56,1804413001001001,999,Museu Nacional do Traje,"Largo Júlio de Castilho
",+351 217 567 620,,mntraje@mntraje.dgpc.pt,http://museudotraje.pt/,"Instalado no Palácio Angeja-Palmela (sécs. XVIII e XIX), o acervo deste Museu inclui tecidos dos sécs. IV a XIX, salientando-se os tecidos coptas, indumentária civil dos sécs. XIV a XX, com especial relevo para o traje da corte de meados do séc. XVIII e traje Império. Trajes populares, brinquedos e bonecas dos sécs. XIX e XX em sistema rotativo de exposições temporárias. Exibe permanentemente uma secção de tecelagem e estamparia manual.
Há um Bilhete Museu Nacional do Traje + Museu Nacional do Teatro e da Dança + Parque do Monteiro-Mor

",-,0,b5817acc-1573-442b-871f-70ddffababbd
-9.16117545483439,38.7050366951062,57,3701704001001001,999,Museu Nacional de Arte Antiga,"Rua das Janelas Verdes, 59 
",+351 213 912 800,,geral@mnaa.pt,http://www.museudearteantiga.pt/,"Instalado num antigo palacete do séc. XVII e num anexo projetado pelo arquiteto Rebelo de Andrade (inaugurado em 1940), alberga a maior coleção de arte portuguesa e europeia existente no país onde se destacam:
na pintura (europeia e portuguesa) as Tentações de Santo Antão de H. Bosch, o S. Jerónimo de A. Durer, os Painéis de S. Vicente de Nuno Gonçalves; na escultura (europeia e portuguesa) predominam as peças de arte sacra com destaque para os presépios de finais do séc. XVIII;
uma importante coleção de ourivesaria e joalharia (europeia e portuguesa) onde se evidenciam a Cruz de D.Sancho, as Custódias de Belém e da Bemposta; a baixela real executada no séc. XVIII pelos famosos ourives da corte francesa Germain, pai e filho; as coleções de cerâmica, da faiança portuguesa dos sécs. XVI e XVII inspirada na porcelana chinesa, aos exemplares dos séculos XVIII e XIX, primeiros ensaios portugueses na Porcelana; arte oriental, num conjunto que traça o percurso dos portugueses pelo mundo e do seu encontro com África, Índia, China e Japão, entre finais do séc. XVI e séc. XVIII.
",-,0,1712d6fe-c059-4aa6-90d2-34c4010a4578
-9.14123926051491,38.7084178680048,58,2000109040001001,999,Museu Nacional de Arte Contemporânea do Chiado,"Rua Serpa Pinto, 4; Rua Capelo, 13
",+351 213 432 148,,museuchiado@mnac.dgpc.pt,http://www.museuartecontemporanea.gov.pt/pt,"A coleção deste Museu é sobretudo constituída por obras de pintura, escultura e desenho portugueses, desde meados do séc.XIX (1859) até meados do séc.XX (1950). Estão assim representadas as épocas romântica, naturalista, simbolista, modernista e do pós-guerra. Um núcleo qualificado de escultura francesa do final do séc.XIX, até aos começos do séc.XX, completa o acervo deste Museu. Este Museu tem sempre patente uma exposição temporária de pintura ou escultura.",-,0,cc4183f5-ceb5-4c5c-87ae-097428780f0e
-9.20923637446199,38.6972269923555,59,3200614077001001,999,Museu de Marinha,"Praça do Império 
Mosteiro dos Jerónimos",+351 210 977 988,,geral.museu@marinha.pt,http://ccm.marinha.pt/pt/museu,"Organizado em zonas temáticas distintas, poder-se-ão apreciar modelos de navios da Época dos Descobrimentos (séc. XVI) até à atualidade. Também digno de nota é o Pavilhão das Galeotas, onde se encontram, entre outros, um bergantim real do séc. XVIII e o hidroavião ""Santa Cruz"" que completou a primeira travessia aérea do Atlântico Sul em 1922.
Encontram-se igualmente patentes, modelos de galeotas reais, de embarcações tradicionais, quer fluviais quer costeiras e de navios da marinha mercante, de pesca e recreio. Instrumentos náuticos e outros objetos ligados à Marinha Portuguesa de Guerra, comércio, pesca e recreio.
Pintura, escultura e arqueologia
",-,0,8ecb252a-c7c7-4c2d-aeb9-4e1210f64604
-9.12514494506993,38.7123335107409,60,3600902003001002,999,Museu do Lactário ,"Largo do Museu de Artilharia, 2 ",+351 218 861 760,,museudolactario@fasl.org.pt,museudolactario.fasl.org.pt,,.,0,5443f5c4-6d41-42d5-bd8d-71fd36978eb5
-9.12761339509645,38.7111605678927,61,3600914001001001,999,Museu do Fado ,"Largo do Chafariz de Dentro, 1 
",+351 218 823 470,,museudofado@egeac.pt,www.museudofado.pt/,"Este museu contém um riquíssimo acervo documental constituído por coleções discográficas, fotografias, filmes, cartazes, periódicos, repertórios, partituras, programas, troféus, adereços instrumentos e objetos diversos.  Através de uma sucessão de ambientes recreados por meios audiovisuais, o visitante é convidado a conhecer a história do fado.
O museu possui um espaço de exposições temporárias, um centro de documentação, um auditório, uma loja temática e uma escola (cursos de Guitarra Portuguesa e de Viola de Fado, etc.).
Tem restaurante e esplanada 
",-,0,550eb0fb-9c31-4b8a-8abd-096d715769eb
-9.15303544724414,38.7376254786903,62,2301701019001005,999,Museu Calouste Gulbenkian - Coleção Fundador,"Avenida de Berna, 45 
",+351 217 823 461,,museu@gulbenkian.pt,https://gulbenkian.pt/museu/,"Pertencente à Fundação Calouste Gulbenkian, o Museu foi inaugurado em 1969 e alberga a excecional coleção de arte de Calouste Sarkis Gulbenkian legada à Fundação por testamento.

A coleção compreende Arte Egípcia, Arte Greco-Romana com particular destaque para coleção de moedas gregas; a Arte Islâmica com o seu conjunto de tapetes, faianças e vidros; a Arte da China e do Japão com as coleções de cerâmica, laca, estampas; Pintura Europeia dos séculos XV a XIX com destaque para as obras de Rogier van der Weyden, Ghirlandaio, Frans Hals, Rembrandt, Fragonard, Manet, Degas; nas artes ornamentais destaca-se o Mobiliário e a Ourivesaria franceses. 
O núcleo consagrado a René Lalique apresenta uma notável coleção de vidros e joias, única no mundo.
",-,0,df5a0a3a-3c8c-4048-b7fc-31c9d13c4146
-9.20577110259223,38.6977812642427,63,3200614036001001,999,Museu Nacional de Arqueologia,"Praça do Império
Mosteiro dos Jerónimos",+351 213 620 000,,geral@mnarqueologia.dgpc.pt,www.museuarqueologia.pt,"Instalado em 1893, possui um acervo vastíssimo e diversificado dividido em núcleos: arqueologia, etnografia, numismática, epigrafia pré-latina e latina, escultura, documentos escritos, mosaicos e antropologia física.
Na sala do tesouro encontra-se uma das mais importantes coleções de ourivesaria antiga a nível internacional e um dos maiores acervos de toda a Península Ibérica.
A exposição sobre ""Antiguidades Egípcias"" apresenta materiais provenientes de túmulos faraónicos, incluindo sarcófagos e múmias.
O Museu possui uma biblioteca pública especializada em arqueologia e edita a revista ""O Arqueólogo Português"".
",-,0,ef73737a-6c82-4b40-b27a-cb7e2594db45
-9.15010894535593,38.7174783919509,64,4600702162001004,999,Museu Nacional de História Natural e da Ciência,"Rua da Escola Politécnica, 58 
",+351 213 921 808,,geral@museus.ulisboa.pt,http://www.museus.ulisboa.pt/,"Constituído pela reunião de:
Jardim Botânico
Com cerca de 4 ha. foi plantado entre 1858 e 1878, e é considerado um dos melhores no seu género. Possui uma importante reserva de espécies exóticas, devidamente identificadas e uma das maiores coleções de cicas do país. Dispõe de vários Herbários com coleções de Plantas Portuguesas, Plantas Africanas, Plantas Sul-Americanas e Líquenes. O Núcleo de Educação Ambiental do IPAMB, desenvolve ações de modo a promover um melhor conhecimento deste Jardim.

Coleções Museu Bocage - Zoologia e Antropologia 
O espólio inclui uma coleção zoológica representativa da fauna portuguesa e uma coleção antropológica relativa à população de Lisboa.
De destacar o acervo documental relacionado com a Zoologia e a Antropologia em Portugal desde o século XVIII.

Coleções Mineralógicas e Geológicas 
O acervo do Museu é constituído por coleções de Mineralogia e Paleontologia e Petrologia. Promove exposições temporárias sobre temas diversificados, nomeadamente: dinossáurios, fósseis, minerais.

Museu de Ciência  
Oficialmente criado em 1985, o Museu de Ciência da Universidade de Lisboa estava pensado desde 1967, já com as características que apresenta hoje.
Tem por objetivo a divulgação científica e a sensibilização para a importância da Ciência, não apenas como base da tecnologia, mas também como parte essencial da cultura contemporânea.

Planetário 

Borboletário 




",-,0,e54c2b9d-f3ce-46a6-9f29-4b2d8cb0f67e
-9.149934729683,38.7131371066272,65,2201205003002004,999,Museu Geológico,"Rua da Academia das Ciências, 19 
",+351 213 463 915,,museugeol@lneg.pt,www.lneg.pt/museugeologico/,"Constituído em 1859, reúne coleções de Paleontologia, Estratigrafia, Arqueologia e Mineralogia. Destaque particular para os fósseis de vertebrados terciários e dinossáurios.
Venda de publicações editadas pelo Instituto Geológico e Mineiro e cartas geológicas. Possibilidade de fornecimento às escolas de amostras de rochas, minerais e fósseis portugueses.
",-,0,49b005e6-8013-4e6e-96eb-b97f2c94dd21
